,city,colleges,colleges_count,state_code,city_state
0,Auburn,"['Auburn University', 'Edward Via College of Osteopathic Medicine']",2,AL,"Auburn, AL"
1,Birmingham,"['Cumberland School of Law', 'Miles Law School', 'Arkadelphia', 'Birmingham Southern - College', 'Southside', 'Birmingham School of Law', 'University of Alabama at Birmingham']",7,AL,"Birmingham, AL"
2,Dothan,"['Fortis College', 'Troy University', 'Alabama College of Osteopathic Medicine']",3,AL,"Dothan, AL"
3,Fairfield,['Miles College'],1,AL,"Fairfield, AL"
4,Florence,"['Heritage Christian University', 'University of North Alabama']",2,AL,"Florence, AL"
5,Homewood,['Samford University'],1,AL,"Homewood, AL"
6,Huntsville,"['University of Alabama, Huntsville']",1,AL,"Huntsville, AL"
7,Jacksonville,['Jacksonville State University'],1,AL,"Jacksonville, AL"
8,Livingston,['University of West Alabama'],1,AL,"Livingston, AL"
9,Marion,['Judson College (Alabama)'],1,AL,"Marion, AL"
10,Mobile,"['Spring Hill College', 'University of South Alabama']",2,AL,"Mobile, AL"
11,Montevallo,"['University of Montevallo', 'Faulkner University']",2,AL,"Montevallo, AL"
12,Montgomery,"['Alabama State University', 'Huntingdon College', 'Auburn University at Montgomery', 'H. Councill Trenholm State Technical College', 'Faulkner University']",5,AL,"Montgomery, AL"
13,Troy,['Troy University'],1,AL,"Troy, AL"
14,Tuscaloosa,"['University of Alabama', 'Stillman College', 'Shelton State']",3,AL,"Tuscaloosa, AL"
15,Tuskegee,['Tuskegee University'],1,AL,"Tuskegee, AL"
16,Anchorage,['University of Alaska Anchorage'],1,AK,"Anchorage, AK"
17,Fairbanks,['University of Alaska Fairbanks'],1,AK,"Fairbanks, AK"
18,Juneau,['University of Alaska Southeast'],1,AK,"Juneau, AK"
19,Ketchikan,['University of Alaska Southeast'],1,AK,"Ketchikan, AK"
20,Sitka,['University of Alaska Southeast'],1,AK,"Sitka, AK"
21,Chandler,"['Western International University', 'University of Phoenix', 'International Baptist College', 'Ottawa University']",4,AZ,"Chandler, AZ"
22,Flagstaff,['Northern Arizona University'],1,AZ,"Flagstaff, AZ"
23,Gilbert,[],0,AZ,"Gilbert, AZ"
24,Glendale,"['Thunderbird School of Global Management at ASU', 'Midwestern University']",2,AZ,"Glendale, AZ"
25,Lake Havasu City,"['ASU Colleges at Lake Havasu City', 'Northern Arizona University']",2,AZ,"Lake Havasu City, AZ"
26,Mesa,"['Arizona State University Polytechnic campus', 'Benedictine University', 'Upper Iowa University', 'A.T. Still University School of Osteopathic Medicine in Arizona']",4,AZ,"Mesa, AZ"
27,Peoria,['Trine University'],1,AZ,"Peoria, AZ"
28,Phoenix,"['Arizona State University', 'University of Phoenix', 'Northern Arizona University', 'Grand Canyon University', 'Arizona Summit Law School', 'Arizona Christian University', 'Downtown Phoenix', 'Arizona State University Downtown Phoenix campus', 'University of Arizona College of Medicine']",9,AZ,"Phoenix, AZ"
29,Prescott,"['Embry–Riddle Aeronautical University', 'Yavapai College', 'Prescott College', 'Northern Arizona University', 'Old Dominion University']",5,AZ,"Prescott, AZ"
30,Scottsdale,['University of Phoenix'],1,AZ,"Scottsdale, AZ"
31,Tempe,"['Arizona State University', 'University of Phoenix', 'Brookline College', 'Bryan University']",4,AZ,"Tempe, AZ"
32,Tucson,"['University of Arizona', 'Brown Mackie College', 'Brookline College', 'University of Phoenix', 'The Art Institute of Tucson', 'Prescott College', 'Northern Arizona University', 'The Art Center Design College', 'Wayland Baptist University']",9,AZ,"Tucson, AZ"
33,Arkadelphia,"['Henderson State University', 'Ouachita Baptist University']",2,AR,"Arkadelphia, AR"
34,Conway,"['Central Baptist College', 'Hendrix College', 'University of Central Arkansas']",3,AR,"Conway, AR"
35,Fayetteville,['University of Arkansas'],1,AR,"Fayetteville, AR"
36,Fort Smith,"['University of Arkansas at Fort Smith', 'Webster University', 'John Brown University', 'Arkansas College of Osteopathic Medicine']",4,AR,"Fort Smith, AR"
37,Jonesboro,['Arkansas State University'],1,AR,"Jonesboro, AR"
38,Little Rock,"['University of Arkansas at Little Rock', 'University of Arkansas for Medical Sciences', 'Philander Smith College', 'Arkansas Baptist College']",4,AR,"Little Rock, AR"
39,Magnolia,['Southern Arkansas University'],1,AR,"Magnolia, AR"
40,Monticello,['University of Arkansas at Monticello'],1,AR,"Monticello, AR"
41,Russellville,['Arkansas Tech University'],1,AR,"Russellville, AR"
42,Searcy,['Harding University'],1,AR,"Searcy, AR"
43,Anaheim,"['Anaheim University', 'Bristol University']",2,CA,"Anaheim, CA"
44,Angwin,['Pacific Union College'],1,CA,"Angwin, CA"
45,Arcata,['Humboldt State University'],1,CA,"Arcata, CA"
46,Azusa,[],0,CA,"Azusa, CA"
47,Berkeley,"['University of California, Berkeley']",1,CA,"Berkeley, CA"
48,Camarillo,['California State University Channel Islands'],1,CA,"Camarillo, CA"
49,Carson,"['California State University, Dominguez Hills']",1,CA,"Carson, CA"
50,Chico,"['California State University, Chico', 'Cal Northern School of Law']",2,CA,"Chico, CA"
51,Claremont,"['Claremont McKenna College', 'Pomona College', 'Harvey Mudd College', 'Scripps College', 'Pitzer College', 'Keck Graduate Institute', 'Claremont Graduate University']",7,CA,"Claremont, CA"
52,Costa Mesa,"['Orange Coast College', 'Vanguard University', 'Whittier Law School', 'Whittier College', 'National University']",5,CA,"Costa Mesa, CA"
53,Cotati,"['California State University, Sonoma']",1,CA,"Cotati, CA"
54,Davis,"['University of California, Davis']",1,CA,"Davis, CA"
55,Fresno,"['Alliant International University', 'California Christian College', 'California State University, Fresno', 'Fresno Pacific University', 'Kaplan College', 'National University', 'University of California, San Francisco', 'University of California, Merced', 'University of Phoenix', 'citation needed']",10,CA,"Fresno, CA"
56,Fullerton,"['California State University, Fullerton', 'Western State College of Law at Argosy University', 'Hope International University', 'Marshall B. Ketchum University', 'Fullerton College']",5,CA,"Fullerton, CA"
57,Irvine,"['University of California, Irvine', 'Western State College of Law at Argosy University']",2,CA,"Irvine, CA"
58,Isla Vista,"['University of California, Santa Barbara']",1,CA,"Isla Vista, CA"
59,Lancaster,"['University of Antelope Valley', 'Antelope Valley College', 'California State University, Bakersfield', 'Charter College']",4,CA,"Lancaster, CA"
60,La Verne,['University of La Verne'],1,CA,"La Verne, CA"
61,Loma Linda,['Loma Linda University'],1,CA,"Loma Linda, CA"
62,Long Beach,"['California State University, Long Beach', 'Pacific Coast University School of Law']",2,CA,"Long Beach, CA"
63,Malibu,['Pepperdine University'],1,CA,"Malibu, CA"
64,Merced,"['University of California, Merced', 'Merced College']",2,CA,"Merced, CA"
65,Orange,['Chapman University'],1,CA,"Orange, CA"
66,Oxnard,"['Oxnard College', 'California Lutheran University', 'California State University, Northridge', 'ITT', 'University of Phoenix', 'University of California, Santa Barbara']",6,CA,"Oxnard, CA"
67,Palo Alto,['Stanford University'],1,CA,"Palo Alto, CA"
68,Pasadena,"['California Institute of Technology', 'Pasadena City College', 'Pacific Oaks College']",3,CA,"Pasadena, CA"
69,Pleasant Hill,"['John F. Kennedy University', 'citation needed']",2,CA,"Pleasant Hill, CA"
70,Pomona,"['Cal Poly Pomona', 'Western University of Health Sciences', 'Pomona College']",3,CA,"Pomona, CA"
71,Redding,"['Simpson University', 'National University', 'Shasta Bible College and Graduate School', 'California State University, Chico']",4,CA,"Redding, CA"
72,Redlands,['University of Redlands'],1,CA,"Redlands, CA"
73,Riverside,"['University of California, Riverside', 'California Baptist University', 'La Sierra University', 'California Southern Law School']",4,CA,"Riverside, CA"
74,Rocklin,"['Sierra College', 'William Jessup University']",2,CA,"Rocklin, CA"
75,Sacramento,"['East Sacramento', 'California State University, Sacramento', 'Lincoln Law School of Sacramento', 'Oak Park', 'University of the Pacific, McGeorge School of Law']",5,CA,"Sacramento, CA"
76,San Bernardino,"['California State University, San Bernardino', 'American Sports University']",2,CA,"San Bernardino, CA"
77,San Diego,"['San Diego State University', 'California Western School of Law', 'Thomas Jefferson School of Law', 'University of San Diego', 'Western Sierra Law School', 'La Jolla', 'University of California, San Diego']",7,CA,"San Diego, CA"
78,San Luis Obispo,['California Polytechnic State University'],1,CA,"San Luis Obispo, CA"
79,San Marcos,"['California State University San Marcos', 'University of St. Augustine for Health Sciences']",2,CA,"San Marcos, CA"
80,Santa Barbara,"['Fielding Graduate University', 'Santa Barbara City College', 'University of California, Santa Barbara', 'Westmont College', 'Santa Barbara College of Law', 'Southern California Institute of Law']",6,CA,"Santa Barbara, CA"
81,Santa Clara,['Santa Clara University'],1,CA,"Santa Clara, CA"
82,Santa Cruz,"['University of California, Santa Cruz']",1,CA,"Santa Cruz, CA"
83,Santa Monica,['Santa Monica College'],1,CA,"Santa Monica, CA"
84,Seaside,"['Monterey College of Law', 'California State University, Monterey Bay']",2,CA,"Seaside, CA"
85,Stanford,['Stanford University'],1,CA,"Stanford, CA"
86,Stockton,"['University of the Pacific', 'Humphreys College']",2,CA,"Stockton, CA"
87,Temecula,[],0,CA,"Temecula, CA"
88,Turlock,"['California State University, Stanislaus']",1,CA,"Turlock, CA"
89,Vallejo,"['California Maritime Academy', 'Touro University California College of Osteopathic Medicine', 'citation needed']",3,CA,"Vallejo, CA"
90,West Covina,[],0,CA,"West Covina, CA"
91,Whittier,"['Whittier College', 'Rio Hondo College']",2,CA,"Whittier, CA"
92,Alamosa,['Adams State College'],1,CO,"Alamosa, CO"
93,Aurora,"['Columbia College–Aurora', 'Ecotech Institute', 'University of Colorado Denver', 'Anschutz Medical Campus', 'Colorado Community College System']",5,CO,"Aurora, CO"
94,Boulder,"['University of Colorado at Boulder', 'Naropa University']",2,CO,"Boulder, CO"
95,Colorado Springs,"['United States Air Force Academy', 'University of Colorado Colorado Springs', 'Colorado College', 'Colorado Technical University']",4,CO,"Colorado Springs, CO"
96,Durango,['Fort Lewis College'],1,CO,"Durango, CO"
97,Fort Collins,['Colorado State University'],1,CO,"Fort Collins, CO"
98,Golden,['Colorado School of Mines'],1,CO,"Golden, CO"
99,Grand Junction,['Colorado Mesa University'],1,CO,"Grand Junction, CO"
100,Greeley,['University of Northern Colorado'],1,CO,"Greeley, CO"
101,Gunnison,['Western State College'],1,CO,"Gunnison, CO"
102,Lakewood,['Colorado Christian University'],1,CO,"Lakewood, CO"
103,Pueblo,['Colorado State University–Pueblo'],1,CO,"Pueblo, CO"
104,Bridgeport,"[""St. Vincent's College"", 'University of Bridgeport']",2,CT,"Bridgeport, CT"
105,Danbury,['Western Connecticut State University'],1,CT,"Danbury, CT"
106,East Hartford,['Goodwin College'],1,CT,"East Hartford, CT"
107,Fairfield,"['Fairfield University', 'Sacred Heart University']",2,CT,"Fairfield, CT"
108,Farmington,['UConn Health'],1,CT,"Farmington, CT"
109,Hamden,['Quinnipiac University'],1,CT,"Hamden, CT"
110,Hartford,"['Rensselaer at Hartford', 'Trinity College', 'University of Connecticut School of Law']",3,CT,"Hartford, CT"
111,Middletown,['Wesleyan University'],1,CT,"Middletown, CT"
112,New Britain,['Central Connecticut State University'],1,CT,"New Britain, CT"
113,New Haven,"['Southern Connecticut State University', 'Albertus Magnus College', 'Downtown New Haven', 'Yale University']",4,CT,"New Haven, CT"
114,New London,"['Connecticut College', 'US Coast Guard Academy', 'Mitchell College']",3,CT,"New London, CT"
115,North Haven,['Quinnipiac University'],1,CT,"North Haven, CT"
116,Southington,['New England Baptist College'],1,CT,"Southington, CT"
117,Stamford,"['University of Connecticut', 'University of Bridgeport', 'Sacred Heart University']",3,CT,"Stamford, CT"
118,Storrs,['University of Connecticut'],1,CT,"Storrs, CT"
119,Waterbury,"['Post University', 'University of Bridgeport', 'University of Connecticut', 'Western Connecticut State University']",4,CT,"Waterbury, CT"
120,Willimantic,['Eastern Connecticut State University'],1,CT,"Willimantic, CT"
121,Hartford,"['University of Hartford', 'University of Saint Joseph', 'University of Connecticut']",3,CT,"Hartford, CT"
122,West Haven,['University of New Haven'],1,CT,"West Haven, CT"
123,Dover,"['Delaware State University', 'Wesley College']",2,DE,"Dover, DE"
124,Newark,['University of Delaware'],1,DE,"Newark, DE"
125,New Castle,['Wilmington University'],1,DE,"New Castle, DE"
126,Wilmington,"['Delaware College of Art & Design', 'Drexel University', 'Springfield College', 'Widener University–Delaware Campus']",4,DE,"Wilmington, DE"
127,Ave Maria,['Ave Maria University'],1,FL,"Ave Maria, FL"
128,Boca Raton,['Florida Atlantic University'],1,FL,"Boca Raton, FL"
129,Bradenton,['Lake Erie College of Osteopathic Medicine'],1,FL,"Bradenton, FL"
130,Brandon,[],0,FL,"Brandon, FL"
131,Cape Coral,['Florida Gulf Coast University'],1,FL,"Cape Coral, FL"
132,Coral Gables,['University of Miami'],1,FL,"Coral Gables, FL"
133,Coral Springs,"['Barry University', 'Nova Southeastern University', 'Broward College']",3,FL,"Coral Springs, FL"
134,Davie,['Nova Southeastern University'],1,FL,"Davie, FL"
135,Daytona Beach,['Embry–Riddle Aeronautical University'],1,FL,"Daytona Beach, FL"
136,Deland,['Stetson University'],1,FL,"Deland, FL"
137,Estero,['Florida Gulf Coast University'],1,FL,"Estero, FL"
138,Fort Lauderdale,"['Broward College', 'City College', 'Florida Atlantic University', 'Florida International University', 'Keiser University', 'Nova Southeastern University', 'The Art Institute of Fort Lauderdale', 'University of Phoenix', 'Jersey College']",9,FL,"Fort Lauderdale, FL"
139,Fort Myers,['Florida Gulf Coast University'],1,FL,"Fort Myers, FL"
140,Gainesville,"['University of Florida', 'Santa Fe College']",2,FL,"Gainesville, FL"
141,Gulfport,"['Stetson University College of Law', 'St. Petersburg College', 'University of South Florida']",3,FL,"Gulfport, FL"
142,Hialeah,"['College of Business and Technology', 'Florida National University']",2,FL,"Hialeah, FL"
143,Hollywood,[],0,FL,"Hollywood, FL"
144,Jacksonville,"['University of North Florida', 'Jacksonville University', 'Florida State College at Jacksonville', 'University of Florida', 'Florida Coastal School of Law', 'Jones College']",6,FL,"Jacksonville, FL"
145,Kendall,"['Keiser College', 'Miami-Dade College', 'Nova Southeastern University', 'College of Business and Technology']",4,FL,"Kendall, FL"
146,Lakeland,['Florida Polytechnic University'],1,FL,"Lakeland, FL"
147,Miami Gardens,"['St. Thomas University', 'Florida Memorial University', 'CBT College']",3,FL,"Miami Gardens, FL"
148,Miami Shores,['Barry University'],1,FL,"Miami Shores, FL"
149,Miramar,"['Broward College', 'Florida International University', 'Nova Southeastern University']",3,FL,"Miramar, FL"
150,North Miami,"['Florida International University', 'Biscayne Bay Campus']",2,FL,"North Miami, FL"
151,Panama City,['Gulf Coast State College'],1,FL,"Panama City, FL"
152,Pembroke Pines,"['Barry University', 'Broward College', 'Florida International University', 'Keiser University']",4,FL,"Pembroke Pines, FL"
153,Port Saint Lucie,"['Indian River State College', 'Barry University', 'Keiser University']",3,FL,"Port Saint Lucie, FL"
154,Sarasota,"['New College of Florida', 'Ringling College of Art and Design', 'State College of Florida, Manatee-Sarasota', 'University of South Florida Sarasota-Manatee']",4,FL,"Sarasota, FL"
155,Saint Augustine,['Flagler College'],1,FL,"Saint Augustine, FL"
156,Saint Leo,['St. Leo University'],1,FL,"Saint Leo, FL"
157,Saint Petersburg,"['Eckerd College', 'St. Petersburg College']",2,FL,"Saint Petersburg, FL"
158,Sunrise,[],0,FL,"Sunrise, FL"
159,Tallahassee,"['Florida State University', 'Florida A&M University']",2,FL,"Tallahassee, FL"
160,West Palm Beach,"['Palm Beach Atlantic University', 'Keiser University']",2,FL,"West Palm Beach, FL"
161,Albany,['Albany State University'],1,GA,"Albany, GA"
162,Alpharetta,"['Georgia State University', 'Gwinnett Technical College', 'Reinhardt University']",3,GA,"Alpharetta, GA"
163,Athens,"['University of Georgia', 'Athens Technical College']",2,GA,"Athens, GA"
164,Augusta,"['Augusta Technical College', 'Augusta University', 'Paine College', 'East Georgia State College']",4,GA,"Augusta, GA"
165,Blue Ridge,['University of North Georgia'],1,GA,"Blue Ridge, GA"
166,Brunswick,['College of Coastal Georgia'],1,GA,"Brunswick, GA"
167,Carrollton,['University of West Georgia'],1,GA,"Carrollton, GA"
168,Columbus,"['Columbus State University', 'Columbus Technical College']",2,GA,"Columbus, GA"
169,Cumming,['University of North Georgia'],1,GA,"Cumming, GA"
170,Dahlonega,['University of North Georgia'],1,GA,"Dahlonega, GA"
171,Demorest,['Piedmont College'],1,GA,"Demorest, GA"
172,Fort Valley,['Fort Valley State University'],1,GA,"Fort Valley, GA"
173,Gainesville,"['University of North Georgia Gainesville Campus', 'Brenau University']",2,GA,"Gainesville, GA"
174,Glennville,['Southeastern Technical College'],1,GA,"Glennville, GA"
175,Kennesaw,['Kennesaw State University'],1,GA,"Kennesaw, GA"
176,Lawrenceville,"['Georgia Gwinnett College', 'Gwinnett Technical College']",2,GA,"Lawrenceville, GA"
177,Madison,['Georgia Military College Madison Campus'],1,GA,"Madison, GA"
178,Macon,"['Mercer University', 'Middle Georgia State University', 'Wesleyan College', 'Central Georgia Technical College', 'Fort Valley State University', 'Georgia College & State University']",6,GA,"Macon, GA"
179,Milledgeville,"['Georgia College & State University', 'Georgia Military College']",2,GA,"Milledgeville, GA"
180,Monroe,[],0,GA,"Monroe, GA"
181,Mount Vernon,['Brewton-Parker College'],1,GA,"Mount Vernon, GA"
182,Oxford,['Oxford College'],1,GA,"Oxford, GA"
183,Rome,"['Berry College', 'Shorter University']",2,GA,"Rome, GA"
184,Savannah,"['Armstrong Atlantic State University', 'Savannah State University', 'Savannah College of Art and Design', 'Savannah Law School']",4,GA,"Savannah, GA"
185,Statesboro,"['Georgia Southern University', 'East Georgia State College']",2,GA,"Statesboro, GA"
186,Swainsboro,"['East Georgia State College', 'Southeastern Technical College']",2,GA,"Swainsboro, GA"
187,Valdosta,['Valdosta State University'],1,GA,"Valdosta, GA"
188,Vidalia,['Southeastern Technical College'],1,GA,"Vidalia, GA"
189,Waleska,['Reinhardt College'],1,GA,"Waleska, GA"
190,Watkinsville,['University of North Georgia'],1,GA,"Watkinsville, GA"
191,Young Harris,['Young Harris College'],1,GA,"Young Harris, GA"
192,Laie,"[""Brigham Young University-Hawai'i""]",1,HI,"Laie, HI"
193,Boise,"['Boise State University', 'University of Idaho', 'Idaho State University', 'Concordia University School of Law']",4,ID,"Boise, ID"
194,Caldwell,['College of Idaho'],1,ID,"Caldwell, ID"
195,Lewiston,['Lewis-Clark State College'],1,ID,"Lewiston, ID"
196,Moscow,['University of Idaho'],1,ID,"Moscow, ID"
197,Nampa,['Northwest Nazarene University'],1,ID,"Nampa, ID"
198,Pocatello,['Idaho State University'],1,ID,"Pocatello, ID"
199,Rexburg,['BYU-Idaho'],1,ID,"Rexburg, ID"
200,Alton,['Southern Illinois University'],1,IL,"Alton, IL"
201,Aurora,['Aurora University'],1,IL,"Aurora, IL"
202,Bloomington,['Illinois Wesleyan University'],1,IL,"Bloomington, IL"
203,Carbondale,['Southern Illinois University Carbondale'],1,IL,"Carbondale, IL"
204,Champaign,"['Urbana', 'University of Illinois']",2,IL,"Champaign, IL"
205,Charleston,['Eastern Illinois University'],1,IL,"Charleston, IL"
206,Deerfield,['Trinity International University'],1,IL,"Deerfield, IL"
207,Dekalb,['Northern Illinois University'],1,IL,"Dekalb, IL"
208,Downers Grove,['Midwestern University'],1,IL,"Downers Grove, IL"
209,East Peoria,['Illinois Central College'],1,IL,"East Peoria, IL"
210,Edwardsville,['Southern Illinois University Edwardsville'],1,IL,"Edwardsville, IL"
211,Elgin,['Judson University'],1,IL,"Elgin, IL"
212,Evanston,['Northwestern University'],1,IL,"Evanston, IL"
213,Joliet,['University of St. Francis'],1,IL,"Joliet, IL"
214,Lebanon,['McKendree University'],1,IL,"Lebanon, IL"
215,Macomb,['Western Illinois University'],1,IL,"Macomb, IL"
216,Moline,['Western Illinois University-Quad Cities'],1,IL,"Moline, IL"
217,Naperville,"['North Central College', 'Northern Illinois University', 'DePaul University', 'College of DuPage', 'Governors State University', 'Northwestern College', 'University of Illinois at Urbana–Champaign']",7,IL,"Naperville, IL"
218,Normal,['Illinois State University'],1,IL,"Normal, IL"
219,Peoria,['Bradley University'],1,IL,"Peoria, IL"
220,River Forest,"['Dominican University', 'Concordia University']",2,IL,"River Forest, IL"
221,Rock Island,['Augustana College'],1,IL,"Rock Island, IL"
222,Rockford,['Rockford University'],1,IL,"Rockford, IL"
223,Springfield,"['University of Illinois at Springfield', 'Southern Illinois University School of Medicine']",2,IL,"Springfield, IL"
224,University Park,['Governors State University'],1,IL,"University Park, IL"
225,Angola,['Trine University'],1,IN,"Angola, IN"
226,Bloomington,['Indiana University Bloomington'],1,IN,"Bloomington, IN"
227,Columbus,['Indiana University – Purdue University Columbus'],1,IN,"Columbus, IN"
228,Crawfordsville,['Wabash College'],1,IN,"Crawfordsville, IN"
229,Fort Wayne,['Indiana University – Purdue University Fort Wayne'],1,IN,"Fort Wayne, IN"
230,Gary,['Indiana University Northwest'],1,IN,"Gary, IN"
231,Greencastle,['DePauw University'],1,IN,"Greencastle, IN"
232,Hanover,['Hanover College'],1,IN,"Hanover, IN"
233,Kokomo,['Indiana University Kokomo'],1,IN,"Kokomo, IN"
234,Marion,['Indiana Wesleyan University'],1,IN,"Marion, IN"
235,Muncie,['Ball State University'],1,IN,"Muncie, IN"
236,New Albany,['Indiana University Southeast'],1,IN,"New Albany, IN"
237,South Bend,"['University of Notre Dame', ""Saint Mary's College"", 'Holy Cross College']",3,IN,"South Bend, IN"
238,Oakland City,['Oakland City University'],1,IN,"Oakland City, IN"
239,Richmond,"['Earlham College', 'Indiana University East']",2,IN,"Richmond, IN"
240,South Bend,"['University of Notre Dame', 'Indiana University South Bend']",2,IN,"South Bend, IN"
241,Terre Haute,"['Indiana State University', 'Rose-Hulman Institute of Technology']",2,IN,"Terre Haute, IN"
242,Upland,['Taylor University'],1,IN,"Upland, IN"
243,Valparaiso,['Valparaiso University'],1,IN,"Valparaiso, IN"
244,West Lafayette,['Purdue University'],1,IN,"West Lafayette, IN"
245,Ames,['Iowa State University'],1,IA,"Ames, IA"
246,Bettendorf,['Upper Iowa University'],1,IA,"Bettendorf, IA"
247,Cedar Falls,['University of Northern Iowa'],1,IA,"Cedar Falls, IA"
248,Cedar Rapids,['Coe College'],1,IA,"Cedar Rapids, IA"
249,Davenport,"['Saint Ambrose University', 'Hamilton Technical College']",2,IA,"Davenport, IA"
250,Decorah,['Luther College'],1,IA,"Decorah, IA"
251,Des Moines,"['Drake University', 'Grand View University', 'Mercy College of Health Sciences', 'University of Iowa', 'AIB College of Business', 'Des Moines University']",6,IA,"Des Moines, IA"
252,Fayette,['Upper Iowa University'],1,IA,"Fayette, IA"
253,Grinnell,['Grinnell College'],1,IA,"Grinnell, IA"
254,Indianola,['Simpson College'],1,IA,"Indianola, IA"
255,Iowa City,['University of Iowa'],1,IA,"Iowa City, IA"
256,Lamoni,['Graceland University'],1,IA,"Lamoni, IA"
257,Mount Vernon,['Cornell College'],1,IA,"Mount Vernon, IA"
258,Orange City,['Northwestern College'],1,IA,"Orange City, IA"
259,Oskaloosa,['William Penn University'],1,IA,"Oskaloosa, IA"
260,Sioux Center,['Dordt College'],1,IA,"Sioux Center, IA"
261,Storm Lake,['Buena Vista University'],1,IA,"Storm Lake, IA"
262,Waverly,['Wartburg College'],1,IA,"Waverly, IA"
263,Baldwin City,['Baker University'],1,KS,"Baldwin City, KS"
264,Emporia,['Emporia State University'],1,KS,"Emporia, KS"
265,Hays,['Fort Hays State University'],1,KS,"Hays, KS"
266,Kansas City,"['Donnelly College', 'Kansas Christian College', 'University of Kansas Medical Center']",3,KS,"Kansas City, KS"
267,Lawrence,"['University of Kansas', 'Haskell Indian Nations University']",2,KS,"Lawrence, KS"
268,Manhattan,"['Kansas State University', 'Manhattan Christian College']",2,KS,"Manhattan, KS"
269,Olathe,['MidAmerica Nazarene University'],1,KS,"Olathe, KS"
270,Overland Park,"['Ottawa University adult campus', 'University of Kansas-Edwards Campus', 'Baker University Overland Park Campus', 'Emporia State University - Overland Park Campus (Metro Learning Center)', 'Kansas Christian College', 'Rasmussen College']",6,KS,"Overland Park, KS"
271,Ottawa,['Ottawa University'],1,KS,"Ottawa, KS"
272,Pittsburg,['Pittsburg State University'],1,KS,"Pittsburg, KS"
273,Topeka,"['Washburn University', 'Friends University', 'Washburn Institute of Technology', 'Baker University']",4,KS,"Topeka, KS"
274,Wichita,"['Wichita State University (WSU)', 'Friends University', 'Newman University', 'University of Kansas School of Medicine']",4,KS,"Wichita, KS"
275,Barbourville,['Union College'],1,KY,"Barbourville, KY"
276,Berea,['Berea College'],1,KY,"Berea, KY"
277,Bowling Green,['Western Kentucky University'],1,KY,"Bowling Green, KY"
278,Campbellsville,['Campbellsville University'],1,KY,"Campbellsville, KY"
279,Columbia,['Lindsey Wilson College'],1,KY,"Columbia, KY"
280,Crestview Hills,['Thomas More University'],1,KY,"Crestview Hills, KY"
281,Danville,"['Centre College', 'Bluegrass Community and Technical College', 'Eastern Kentucky University', 'Midway University', 'American National University']",5,KY,"Danville, KY"
282,Frankfort,['Kentucky State University'],1,KY,"Frankfort, KY"
283,Georgetown,['Georgetown College'],1,KY,"Georgetown, KY"
284,Grayson,['Kentucky Christian University'],1,KY,"Grayson, KY"
285,Highland Heights,['Northern Kentucky University'],1,KY,"Highland Heights, KY"
286,Lexington,"['University of Kentucky', 'Transylvania University']",2,KY,"Lexington, KY"
287,Louisville,"['University of Louisville', 'Bellarmine University', 'Simmons College of Kentucky', 'Spalding University', 'Sullivan University']",5,KY,"Louisville, KY"
288,Midway,['Midway University'],1,KY,"Midway, KY"
289,Morehead,['Morehead State University'],1,KY,"Morehead, KY"
290,Murray,['Murray State University'],1,KY,"Murray, KY"
291,Owensboro,"['Brescia University', 'Kentucky Wesleyan College', 'Western Kentucky University-Owensboro']",3,KY,"Owensboro, KY"
292,Pikeville,['University of Pikeville'],1,KY,"Pikeville, KY"
293,Richmond,['Eastern Kentucky University'],1,KY,"Richmond, KY"
294,Williamsburg,['University of the Cumberlands'],1,KY,"Williamsburg, KY"
295,Wilmore,"['Asbury University', 'Asbury Theological Seminary']",2,KY,"Wilmore, KY"
296,Baton Rouge,"['Louisiana State University', 'Southern University and A&M College', 'Southern University Law Center']",3,LA,"Baton Rouge, LA"
297,Grambling,['Grambling State University'],1,LA,"Grambling, LA"
298,Hammond,['Southeastern Louisiana University'],1,LA,"Hammond, LA"
299,Lafayette,['University of Louisiana at Lafayette'],1,LA,"Lafayette, LA"
300,Metairie,[],0,LA,"Metairie, LA"
301,Monroe,['University of Louisiana at Monroe'],1,LA,"Monroe, LA"
302,Natchitoches,['Northwestern State University'],1,LA,"Natchitoches, LA"
303,Ruston,['Louisiana Tech University'],1,LA,"Ruston, LA"
304,Shreveport,['Southern University at Shreveport'],1,LA,"Shreveport, LA"
305,Thibodaux,['Nicholls State University'],1,LA,"Thibodaux, LA"
306,Augusta,['University of Maine at Augusta'],1,ME,"Augusta, ME"
307,Bangor,['University of Maine'],1,ME,"Bangor, ME"
308,Bar Harbor,['College of the Atlantic'],1,ME,"Bar Harbor, ME"
309,Biddeford,['University of New England'],1,ME,"Biddeford, ME"
310,Brunswick,['Bowdoin College'],1,ME,"Brunswick, ME"
311,Farmington,['University of Maine at Farmington'],1,ME,"Farmington, ME"
312,Fort Kent,['University of Maine at Fort Kent'],1,ME,"Fort Kent, ME"
313,Gorham,['University of Southern Maine'],1,ME,"Gorham, ME"
314,Lewiston,['Bates College'],1,ME,"Lewiston, ME"
315,Machias,['University of Maine at Machias'],1,ME,"Machias, ME"
316,Orono,['University of Maine'],1,ME,"Orono, ME"
317,Portland,"['Maine College of Art', 'University of Maine School of Law', 'University of New England', 'Westbrook College', 'University of Southern Maine']",5,ME,"Portland, ME"
318,Presque Isle,['University of Maine at Presque Isle'],1,ME,"Presque Isle, ME"
319,Waterville,"['Thomas College', 'Colby College']",2,ME,"Waterville, ME"
320,Annapolis,"['United States Naval Academy', ""St. John's College""]",2,MD,"Annapolis, MD"
321,Chestertown,['Washington College'],1,MD,"Chestertown, MD"
322,College Park,"['University of Maryland, College Park']",1,MD,"College Park, MD"
323,Columbia,"['University of Phoenix', 'Lincoln Technical Institute', 'Loyola University Maryland', 'University of Maryland, Baltimore County', 'Maryland University of Integrative Health', 'Johns Hopkins University']",6,MD,"Columbia, MD"
324,Cumberland,['Allegany College of Maryland'],1,MD,"Cumberland, MD"
325,Emmitsburg,"[""Mount St. Mary's University""]",1,MD,"Emmitsburg, MD"
326,Frostburg,['Frostburg State University'],1,MD,"Frostburg, MD"
327,Germantown,['Montgomery College'],1,MD,"Germantown, MD"
328,Princess Anne,['University of Maryland Eastern Shore'],1,MD,"Princess Anne, MD"
329,Salisbury,['Salisbury University'],1,MD,"Salisbury, MD"
330,Silver Spring,"['Montgomery College', 'Howard University']",2,MD,"Silver Spring, MD"
331,Takoma Park,"['Washington Adventist University', 'Montgomery College']",2,MD,"Takoma Park, MD"
332,Towson,"['Towson University', 'Goucher College']",2,MD,"Towson, MD"
333,Westminster,['McDaniel College'],1,MD,"Westminster, MD"
334,Bridgewater,['Bridgewater State College'],1,MA,"Bridgewater, MA"
335,Brookline,"['Pine Manor College', 'Hellenic College', 'Newbury College']",3,MA,"Brookline, MA"
336,Cambridge,"['Harvard University', 'Massachusetts Institute of Technology', 'Lesley University', 'Cambridge College', 'Longy School of Music']",5,MA,"Cambridge, MA"
337,Dartmouth,['University of Massachusetts Dartmouth'],1,MA,"Dartmouth, MA"
338,Fitchburg,['Fitchburg State College'],1,MA,"Fitchburg, MA"
339,Framingham,['Framingham State University'],1,MA,"Framingham, MA"
340,Leicester,['Becker College'],1,MA,"Leicester, MA"
341,Lowell,['University of Massachusetts Lowell'],1,MA,"Lowell, MA"
342,Medford,['Tufts University'],1,MA,"Medford, MA"
343,Milton,"['Curry College', 'Labouré College']",2,MA,"Milton, MA"
344,Newton,"['Boston College Law School', 'Hebrew College', 'Mount Ida College', 'Lasell College', 'William James College', 'Chestnut Hill', 'Boston College']",7,MA,"Newton, MA"
345,North Adams,['Massachusetts College of Liberal Arts'],1,MA,"North Adams, MA"
346,Quincy,['Eastern Nazarene College'],1,MA,"Quincy, MA"
347,Somerville,['Tufts University'],1,MA,"Somerville, MA"
348,Springfield,"['American International College', 'Springfield College', 'Western New England College']",3,MA,"Springfield, MA"
349,Waltham,"['Bentley University', 'Brandeis University']",2,MA,"Waltham, MA"
350,Wellesley,['Wellesley College'],1,MA,"Wellesley, MA"
351,Westfield,['Westfield State University'],1,MA,"Westfield, MA"
352,Williamstown,['Williams College'],1,MA,"Williamstown, MA"
353,Adrian,"['Adrian College', 'Siena Heights University']",2,MI,"Adrian, MI"
354,Albion,['Albion College'],1,MI,"Albion, MI"
355,Allendale,['Grand Valley State University'],1,MI,"Allendale, MI"
356,Alma,['Alma College'],1,MI,"Alma, MI"
357,Ann Arbor,"['Concordia University', 'Cleary University', 'University of Michigan']",3,MI,"Ann Arbor, MI"
358,Berrien Springs,['Andrews University'],1,MI,"Berrien Springs, MI"
359,Big Rapids,['Ferris State University'],1,MI,"Big Rapids, MI"
360,Dearborn,"['University of Michigan–Dearborn', 'Henry Ford College', 'Concordia University Dearborn Center', 'Central Michigan University']",4,MI,"Dearborn, MI"
361,East Lansing,['Michigan State University'],1,MI,"East Lansing, MI"
362,Flint,"['Kettering University', 'University of Michigan-Flint']",2,MI,"Flint, MI"
363,Howell,['Cleary University'],1,MI,"Howell, MI"
364,Grand Rapids,"['Aquinas College', 'Calvin College', 'Cornerstone University', 'Kuyper College', 'Thomas M. Cooley Law School', 'Northwood University', 'Grand Valley State University', 'Ferris State University', 'Western Michigan University', 'Michigan State University']",10,MI,"Grand Rapids, MI"
365,Hillsdale,['Hillsdale College'],1,MI,"Hillsdale, MI"
366,Holland,['Hope College'],1,MI,"Holland, MI"
367,Houghton,['Michigan Technological University'],1,MI,"Houghton, MI"
368,Kalamazoo,"['Western Michigan University', 'Kalamazoo College']",2,MI,"Kalamazoo, MI"
369,Lansing,['Western Michigan University Cooley Law School'],1,MI,"Lansing, MI"
370,Marquette,['Northern Michigan University'],1,MI,"Marquette, MI"
371,Midland,['Northwood University'],1,MI,"Midland, MI"
372,Mount Pleasant,['Central Michigan University'],1,MI,"Mount Pleasant, MI"
373,Olivet,['Olivet College'],1,MI,"Olivet, MI"
374,Saginaw,['Saginaw Valley State University'],1,MI,"Saginaw, MI"
375,Sault Ste. Marie,['Lake Superior State University'],1,MI,"Sault Ste. Marie, MI"
376,Spring Arbor,['Spring Arbor University'],1,MI,"Spring Arbor, MI"
377,Sterling Heights,[],0,MI,"Sterling Heights, MI"
378,Ypsilanti,['Eastern Michigan University'],1,MI,"Ypsilanti, MI"
379,Warren,"['Davenport University', 'Central Michigan University', 'Wayne State University']",3,MI,"Warren, MI"
380,Bemidji,['Bemidji State University'],1,MN,"Bemidji, MN"
381,Crookston,['University of Minnesota Crookston'],1,MN,"Crookston, MN"
382,Duluth,"['University of Minnesota Duluth', 'Lake Superior College', 'The College of St. Scholastica', 'University of Wisconsin–Superior', 'Duluth Business University']",5,MN,"Duluth, MN"
383,Faribault,['South Central College'],1,MN,"Faribault, MN"
384,Mankato,"['Minnesota State University, Mankato']",1,MN,"Mankato, MN"
385,Marshall,['Southwest Minnesota State University'],1,MN,"Marshall, MN"
386,Moorhead,"['Minnesota State University, Moorhead', 'Concordia College']",2,MN,"Moorhead, MN"
387,Morris,['University of Minnesota Morris'],1,MN,"Morris, MN"
388,Northfield,"['Carleton College', 'St. Olaf College']",2,MN,"Northfield, MN"
389,North Mankato,['South Central College'],1,MN,"North Mankato, MN"
390,Pine City,['Pine Technical and Community College'],1,MN,"Pine City, MN"
391,Rochester,['Mayo Clinic Alix School of Medicine'],1,MN,"Rochester, MN"
392,Saint Cloud,"['St. Cloud State University', 'The College of St. Scholastica']",2,MN,"Saint Cloud, MN"
393,Saint Joseph,['College of Saint Benedict'],1,MN,"Saint Joseph, MN"
394,Saint Paul,"['Saint Catherine University', 'Concordia University', 'Hamline University', 'Macalester College', 'University of St. Thomas', 'Metropolitan State University', 'Saint Paul College', 'Mitchell Hamline School of Law']",8,MN,"Saint Paul, MN"
395,Saint Peter,['Gustavus Adolphus College'],1,MN,"Saint Peter, MN"
396,Winona,"['Winona State University', ""St. Mary's University of Minnesota""]",2,MN,"Winona, MN"
397,Blue Mountain,['Blue Mountain College'],1,MS,"Blue Mountain, MS"
398,Clinton,['Mississippi College'],1,MS,"Clinton, MS"
399,Columbus,['Mississippi University for Women'],1,MS,"Columbus, MS"
400,Hattiesburg,['University of Southern Mississippi'],1,MS,"Hattiesburg, MS"
401,Holly Springs,['Rust College'],1,MS,"Holly Springs, MS"
402,Itta Bena,['Mississippi Valley State University'],1,MS,"Itta Bena, MS"
403,Jackson,"['Jackson State University', 'Millsaps College', 'Belhaven University', 'Mississippi College School of Law']",4,MS,"Jackson, MS"
404,Laurel,['Southeastern Baptist College'],1,MS,"Laurel, MS"
405,Oxford,['University of Mississippi'],1,MS,"Oxford, MS"
406,Southaven,"['University of Mississippi', 'Northwest Mississippi Community College']",2,MS,"Southaven, MS"
407,Starkville,['Mississippi State University'],1,MS,"Starkville, MS"
408,Tougaloo,['Tougaloo College'],1,MS,"Tougaloo, MS"
409,Bolivar,['Southwest Baptist University'],1,MO,"Bolivar, MO"
410,Cape Girardeau,['Southeast Missouri State University'],1,MO,"Cape Girardeau, MO"
411,Columbia,"['University of Missouri', 'Stephens College', 'Columbia College']",3,MO,"Columbia, MO"
412,Fayette,['Central Methodist University'],1,MO,"Fayette, MO"
413,Fulton,"['Westminster College', 'William Woods University']",2,MO,"Fulton, MO"
414,Kirksville,"['Truman State University', 'A. T. Still University']",2,MO,"Kirksville, MO"
415,Maryville,['Northwest Missouri State University'],1,MO,"Maryville, MO"
416,Rolla,['Missouri University of Science and Technology'],1,MO,"Rolla, MO"
417,Warrensburg,['University of Central Missouri'],1,MO,"Warrensburg, MO"
418,Billings,"['Montana State University Billings', 'Rocky Mountain College', 'Yellowstone Baptist College']",3,MT,"Billings, MT"
419,Bozeman,['Montana State University'],1,MT,"Bozeman, MT"
420,Butte,['Montana Tech'],1,MT,"Butte, MT"
421,Dillon,['University of Montana Western'],1,MT,"Dillon, MT"
422,Great Falls,"['University of Great Falls', 'Great Falls College Montana State University']",2,MT,"Great Falls, MT"
423,Havre,['Montana State University–Northern'],1,MT,"Havre, MT"
424,Helena,"['Carroll College', 'Helena College University of Montana']",2,MT,"Helena, MT"
425,Missoula,['University of Montana'],1,MT,"Missoula, MT"
426,Bellevue,['Bellevue University'],1,NE,"Bellevue, NE"
427,Chadron,['Chadron State College'],1,NE,"Chadron, NE"
428,Crete,['Doane College'],1,NE,"Crete, NE"
429,Fremont,['Midland University'],1,NE,"Fremont, NE"
430,Hastings,['Hastings College'],1,NE,"Hastings, NE"
431,Kearney,['University of Nebraska at Kearney'],1,NE,"Kearney, NE"
432,Lincoln,"['University of Nebraska at Lincoln', 'Nebraska Wesleyan University', 'Bryan College of Health Sciences']",3,NE,"Lincoln, NE"
433,Omaha,"['Creighton University', 'Clarkson College', 'College of Saint Mary', 'Grace University', 'Nebraska Methodist College']",5,NE,"Omaha, NE"
434,Peru,['Peru State College'],1,NE,"Peru, NE"
435,Seward,['Concordia University'],1,NE,"Seward, NE"
436,Wayne,['Wayne State College'],1,NE,"Wayne, NE"
437,York,['York College'],1,NE,"York, NE"
438,Henderson,"['Nevada State College', 'National University', 'Roseman University of Health Sciences', 'Touro University Nevada']",4,NV,"Henderson, NV"
439,Incline Village,['Sierra Nevada College'],1,NV,"Incline Village, NV"
440,North Las Vegas,['College of Southern Nevada'],1,NV,"North Las Vegas, NV"
441,Reno,"['University of Nevada, Reno']",1,NV,"Reno, NV"
442,Concord,"[""NHTI, Concord's Community College"", 'Granite State College', 'University of New Hampshire School of Law', 'Franklin Pierce University']",4,NH,"Concord, NH"
443,Durham,['University of New Hampshire'],1,NH,"Durham, NH"
444,Hanover,['Dartmouth College'],1,NH,"Hanover, NH"
445,Henniker,['New England College'],1,NH,"Henniker, NH"
446,Keene,"['Keene State College', 'Antioch University New England']",2,NH,"Keene, NH"
447,Manchester,"['University of New Hampshire at Manchester', 'Southern New Hampshire University', 'New Hampshire Institute of Art', 'Saint Anselm College']",4,NH,"Manchester, NH"
448,New London,['Colby–Sawyer College'],1,NH,"New London, NH"
449,Plymouth,['Plymouth State University'],1,NH,"Plymouth, NH"
450,Rindge,['Franklin Pierce University'],1,NH,"Rindge, NH"
451,Ewing Township,"['The College of New Jersey', 'Rider University']",2,NJ,"Ewing Township, NJ"
452,Jersey City,"['New Jersey City University', ""Saint Peter's University""]",2,NJ,"Jersey City, NJ"
453,Glassboro,['Rowan University'],1,NJ,"Glassboro, NJ"
454,Hoboken,['Stevens Institute of Technology'],1,NJ,"Hoboken, NJ"
455,Madison,"['Drew University', 'Fairleigh Dickinson University', 'College of Saint Elizabeth']",3,NJ,"Madison, NJ"
456,Montclair,['Montclair State University'],1,NJ,"Montclair, NJ"
457,Newark,"['Rutgers University', 'New Jersey Institute of Technology', 'UMDNJ']",3,NJ,"Newark, NJ"
458,New Brunswick,['Rutgers University'],1,NJ,"New Brunswick, NJ"
459,Paterson,[],0,NJ,"Paterson, NJ"
460,Princeton,"['Princeton University', 'Westminster Choir College']",2,NJ,"Princeton, NJ"
461,Ramsey,"['Ramapo College of New Jersey', 'Eastwick College']",2,NJ,"Ramsey, NJ"
462,South Orange,['Seton Hall University'],1,NJ,"South Orange, NJ"
463,Union,['Kean University'],1,NJ,"Union, NJ"
464,West Long Branch,['Monmouth University'],1,NJ,"West Long Branch, NJ"
465,Albuquerque,"['University of New Mexico', 'Southwest University of Visual Arts', 'Southwestern Indian Polytechnic Institute', 'Trinity Southwest University', 'University of St. Francis', 'St. Norbert College', 'New Mexico State University', 'Highlands University', 'Lewis University', 'Wayland Baptist University', 'Webster University', 'Brookline College', 'Pima Medical Institute', 'National American University', 'Grand Canyon University', 'University of Phoenix']",16,NM,"Albuquerque, NM"
466,Hobbs,['University of the Southwest'],1,NM,"Hobbs, NM"
467,Las Cruces,['New Mexico State University'],1,NM,"Las Cruces, NM"
468,Las Vegas,['New Mexico Highlands University'],1,NM,"Las Vegas, NM"
469,Portales,['Eastern New Mexico University'],1,NM,"Portales, NM"
470,Rio Rancho,[],0,NM,"Rio Rancho, NM"
471,Silver City,['Western New Mexico University'],1,NM,"Silver City, NM"
472,Socorro,['New Mexico Institute of Mining and Technology'],1,NM,"Socorro, NM"
473,Albany,"['SUNY Albany', 'Siena College', 'Albany College of Pharmacy', 'Albany Law School', 'Albany Medical College', 'College of Saint Rose', 'Excelsior College', 'Maria College of Albany', 'Mildred Elley', 'Sage College of Albany']",10,NY,"Albany, NY"
474,Alfred,"['Alfred University', 'Alfred State College']",2,NY,"Alfred, NY"
475,Aurora,['Wells College'],1,NY,"Aurora, NY"
476,Johnson City,['Binghamton University'],1,NY,"Johnson City, NY"
477,Brockport,['SUNY Brockport'],1,NY,"Brockport, NY"
478,Canton,"['St. Lawrence University', 'SUNY Canton']",2,NY,"Canton, NY"
479,Clinton,['Hamilton College'],1,NY,"Clinton, NY"
480,Cortland,['State University of New York at Cortland'],1,NY,"Cortland, NY"
481,Cobleskill,['SUNY Cobleskill'],1,NY,"Cobleskill, NY"
482,Delhi,['SUNY Delhi'],1,NY,"Delhi, NY"
483,Fredonia,['SUNY Fredonia'],1,NY,"Fredonia, NY"
484,Geneseo,['SUNY Geneseo'],1,NY,"Geneseo, NY"
485,Geneva,['Hobart and William Smith Colleges'],1,NY,"Geneva, NY"
486,Hamilton,['Colgate University'],1,NY,"Hamilton, NY"
487,Ithaca,"['Cornell University', 'Ithaca College']",2,NY,"Ithaca, NY"
488,Newburgh,['Mount Saint Mary College'],1,NY,"Newburgh, NY"
489,New Paltz,['SUNY New Paltz'],1,NY,"New Paltz, NY"
490,New Rochelle,['Iona College'],1,NY,"New Rochelle, NY"
491,Oneonta,"['SUNY Oneonta', 'Hartwick College']",2,NY,"Oneonta, NY"
492,Oswego,['SUNY Oswego'],1,NY,"Oswego, NY"
493,Plattsburgh,['SUNY Plattsburgh'],1,NY,"Plattsburgh, NY"
494,Potsdam,"['SUNY Potsdam', 'Clarkson University']",2,NY,"Potsdam, NY"
495,Poughkeepsie,"['Vassar College', 'Marist College']",2,NY,"Poughkeepsie, NY"
496,Purchase,"['Purchase College', 'Manhattanville College']",2,NY,"Purchase, NY"
497,Rochester,"['University of Rochester', 'Rochester Institute of Technology', 'Nazareth College', 'St. John Fisher College', 'Monroe Community College', 'Roberts Wesleyan College', 'SUNY Brockport', 'SUNY Empire State College']",8,NY,"Rochester, NY"
498,Saratoga Springs,['Skidmore College'],1,NY,"Saratoga Springs, NY"
499,Schenectady,"['Union College', 'Schenectady County Community College']",2,NY,"Schenectady, NY"
500,Seneca Falls,['New York Chiropractic College'],1,NY,"Seneca Falls, NY"
501,Stony Brook,['Stony Brook University'],1,NY,"Stony Brook, NY"
502,Syracuse,"['Syracuse University', 'SUNY ESF', 'Upstate Medical University', 'Le Moyne College']",4,NY,"Syracuse, NY"
503,Tivoli,['Bard College'],1,NY,"Tivoli, NY"
504,Troy,"['Rensselaer Polytechnic Institute', 'Russell Sage College', 'Hudson Valley Community College']",3,NY,"Troy, NY"
505,Valhalla,['New York Medical College'],1,NY,"Valhalla, NY"
506,Highland Falls,['United States Military Academy'],1,NY,"Highland Falls, NY"
507,Yonkers,['Sarah Lawrence College'],1,NY,"Yonkers, NY"
508,Asheville,"['Shaw University', 'Lenoir-Rhyne University', 'University of North Carolina at Asheville']",3,NC,"Asheville, NC"
509,Banner Elk,['Lees-McRae College'],1,NC,"Banner Elk, NC"
510,Belmont,['Belmont Abbey College'],1,NC,"Belmont, NC"
511,Boiling Springs,['Gardner-Webb University'],1,NC,"Boiling Springs, NC"
512,Boone,['Appalachian State University'],1,NC,"Boone, NC"
513,Brevard,['Brevard College'],1,NC,"Brevard, NC"
514,Buies Creek,['Campbell University'],1,NC,"Buies Creek, NC"
515,Chapel Hill,['University of North Carolina at Chapel Hill'],1,NC,"Chapel Hill, NC"
516,Cullowhee,['Western Carolina University'],1,NC,"Cullowhee, NC"
517,Davidson,['Davidson College'],1,NC,"Davidson, NC"
518,Durham,"['Duke University', 'North Carolina Central University']",2,NC,"Durham, NC"
519,Elizabeth City,['Mid-Atlantic Christian University'],1,NC,"Elizabeth City, NC"
520,Elon,['Elon University'],1,NC,"Elon, NC"
521,Fayetteville,['Methodist University'],1,NC,"Fayetteville, NC"
522,Greensboro,"['University of North Carolina at Greensboro', 'Greensboro College', 'Guilford College', 'North Carolina A & T State University', 'Bennett College', 'Elon University School of Law']",6,NC,"Greensboro, NC"
523,Greenville,['East Carolina University'],1,NC,"Greenville, NC"
524,Hickory,['Lenoir-Rhyne University'],1,NC,"Hickory, NC"
525,High Point,['High Point University'],1,NC,"High Point, NC"
526,Laurinburg,['St. Andrews University'],1,NC,"Laurinburg, NC"
527,Mars Hill,['Mars Hill College'],1,NC,"Mars Hill, NC"
528,Misenheimer,['Pfeiffer University'],1,NC,"Misenheimer, NC"
529,Montreat,['Montreat College'],1,NC,"Montreat, NC"
530,Mount Olive,['Mount Olive College'],1,NC,"Mount Olive, NC"
531,Murfreesboro,['Chowan University'],1,NC,"Murfreesboro, NC"
532,Pembroke,['University of North Carolina at Pembroke'],1,NC,"Pembroke, NC"
533,Raleigh,"['North Carolina State University', 'Campbell University', 'Norman Adrian Wiggins School of Law', 'Meredith College', 'William Peace University', 'Shaw University', ""St. Augustine's University""]",7,NC,"Raleigh, NC"
534,Rocky Mount,['North Carolina Wesleyan College'],1,NC,"Rocky Mount, NC"
535,Salisbury,['Catawba College'],1,NC,"Salisbury, NC"
536,Wilmington,['University of North Carolina at Wilmington'],1,NC,"Wilmington, NC"
537,Wilson,['Barton College '],1,NC,"Wilson, NC"
538,Wingate,['Wingate University'],1,NC,"Wingate, NC"
539,Winston-Salem,"['Wake Forest University', 'University of North Carolina School of the Arts', 'Salem College', 'Winston-Salem State University']",4,NC,"Winston-Salem, NC"
540,Bismarck,"['University of Mary', 'Rasmussen College']",2,ND,"Bismarck, ND"
541,Dickinson,['Dickinson State University'],1,ND,"Dickinson, ND"
542,Fargo,['North Dakota State University'],1,ND,"Fargo, ND"
543,Grand Forks,['University of North Dakota'],1,ND,"Grand Forks, ND"
544,Jamestown,['University of Jamestown'],1,ND,"Jamestown, ND"
545,Mayville,['Mayville State University'],1,ND,"Mayville, ND"
546,Minot,['Minot State University'],1,ND,"Minot, ND"
547,Valley City,['Valley City State University'],1,ND,"Valley City, ND"
548,Ada,['Ohio Northern University'],1,OH,"Ada, OH"
549,Akron,['University of Akron'],1,OH,"Akron, OH"
550,Alliance,['University of Mount Union'],1,OH,"Alliance, OH"
551,Ashland,['Ashland University'],1,OH,"Ashland, OH"
552,Athens,['Ohio University'],1,OH,"Athens, OH"
553,Berea,['Baldwin Wallace College'],1,OH,"Berea, OH"
554,Bluffton,['Bluffton University'],1,OH,"Bluffton, OH"
555,Bowling Green,['Bowling Green State University'],1,OH,"Bowling Green, OH"
556,Cedarville,['Cedarville University'],1,OH,"Cedarville, OH"
557,Columbus,"['Downtown', 'Capital University Law School', 'Columbus College of Art and Design', 'Franklin University', 'North Central neighborhood', 'Ohio Dominican University', 'University District', 'Ohio State University']",8,OH,"Columbus, OH"
558,Dayton,"['University of Dayton', 'Wright State University Boonshoft School of Medicine']",2,OH,"Dayton, OH"
559,Delaware,['Ohio Wesleyan University'],1,OH,"Delaware, OH"
560,Fairborn,['Wright State University'],1,OH,"Fairborn, OH"
561,Findlay,['University of Findlay'],1,OH,"Findlay, OH"
562,Gambier,['Kenyon College'],1,OH,"Gambier, OH"
563,Granville,['Denison University'],1,OH,"Granville, OH"
564,Hiram,['Hiram College'],1,OH,"Hiram, OH"
565,Kent,['Kent State University'],1,OH,"Kent, OH"
566,Nelsonville,['Hocking College'],1,OH,"Nelsonville, OH"
567,New Concord,['Muskingum College'],1,OH,"New Concord, OH"
568,Oberlin,['Oberlin College'],1,OH,"Oberlin, OH"
569,Oxford,['Miami University'],1,OH,"Oxford, OH"
570,Perrysburg,['Owens Community College'],1,OH,"Perrysburg, OH"
571,Rio Grande,['University of Rio Grande'],1,OH,"Rio Grande, OH"
572,Springfield,['Wittenberg University'],1,OH,"Springfield, OH"
573,Tiffin,"['Tiffin University', 'Heidelberg University']",2,OH,"Tiffin, OH"
574,Toledo,"['University of Toledo', 'University of Toledo College of Medicine and Life Sciences', 'Davis College', 'Mercy College of Ohio']",4,OH,"Toledo, OH"
575,Xenia,"['Wilberforce University', 'Central State University']",2,OH,"Xenia, OH"
576,Wooster,['College of Wooster'],1,OH,"Wooster, OH"
577,Yellow Springs,"['Antioch College', 'Antioch University Midwest']",2,OH,"Yellow Springs, OH"
578,Youngstown,['Youngstown State University'],1,OH,"Youngstown, OH"
579,Ada,['East Central University'],1,OK,"Ada, OK"
580,Alva,['Northwestern Oklahoma State University'],1,OK,"Alva, OK"
581,Bethany,['Southern Nazarene University'],1,OK,"Bethany, OK"
582,Durant,['Southeastern Oklahoma State University'],1,OK,"Durant, OK"
583,Edmond,"['University of Central Oklahoma', 'Oklahoma Christian University']",2,OK,"Edmond, OK"
584,Goodwell,['Oklahoma Panhandle State University'],1,OK,"Goodwell, OK"
585,Langston,['Langston University'],1,OK,"Langston, OK"
586,Lawton,['Cameron University'],1,OK,"Lawton, OK"
587,Midwest City,['Rose State College'],1,OK,"Midwest City, OK"
588,Norman,['University of Oklahoma'],1,OK,"Norman, OK"
589,Oklahoma City,"['Oklahoma City University', 'University of Oklahoma', 'OU Medicine', 'University of Oklahoma Health Sciences Center', 'Oklahoma State University–Oklahoma City']",5,OK,"Oklahoma City, OK"
590,Stillwater,['Oklahoma State University'],1,OK,"Stillwater, OK"
591,Tahlequah,['Northeastern State University'],1,OK,"Tahlequah, OK"
592,Tulsa,['University of Tulsa'],1,OK,"Tulsa, OK"
593,Weatherford,['Southwestern Oklahoma State University'],1,OK,"Weatherford, OK"
594,Ashland,['Southern Oregon University'],1,OR,"Ashland, OR"
595,Corvallis,['Oregon State University'],1,OR,"Corvallis, OR"
596,Eugene,"['University of Oregon', 'Lane Community College', 'Northwest Christian University']",3,OR,"Eugene, OR"
597,Forest Grove,['Pacific University'],1,OR,"Forest Grove, OR"
598,Klamath Falls,"['Klamath Community College', 'Oregon Institute of Technology']",2,OR,"Klamath Falls, OR"
599,La Grande,['Eastern Oregon University'],1,OR,"La Grande, OR"
600,Lebanon,"['Western University of Health Sciences', 'College of Osteopathic Medicine of the Pacific, Northwest']",2,OR,"Lebanon, OR"
601,Marylhurst,['Marylhurst University'],1,OR,"Marylhurst, OR"
602,McMinnville,['Linfield College'],1,OR,"McMinnville, OR"
603,Monmouth,['Western Oregon University'],1,OR,"Monmouth, OR"
604,Newberg,['George Fox University'],1,OR,"Newberg, OR"
605,Salem,"['Chemeketa Community College', 'Corban University', 'Tokyo International University of America', 'Willamette University']",4,OR,"Salem, OR"
606,Abington Township,['Penn State Abington'],1,PA,"Abington Township, PA"
607,Allentown,"['Cedar Crest College', 'Muhlenberg College', 'Lehigh Carbon Community College']",3,PA,"Allentown, PA"
608,Altoona,['Penn State Altoona'],1,PA,"Altoona, PA"
609,Lebanon,['Lebanon Valley College'],1,PA,"Lebanon, PA"
610,Bethlehem,"['Lehigh University', 'Moravian College']",2,PA,"Bethlehem, PA"
611,Bloomsburg,['Bloomsburg University of Pennsylvania'],1,PA,"Bloomsburg, PA"
612,Bradford,['University of Pittsburgh at Bradford'],1,PA,"Bradford, PA"
613,California,['California University of Pennsylvania'],1,PA,"California, PA"
614,Carlisle,"['Dickinson College', 'Penn State Dickinson School of Law']",2,PA,"Carlisle, PA"
615,"Center Township, Beaver County",['Penn State Beaver'],1,PA,"Center Township, Beaver County, PA"
616,Coopersburg,"['DeSales University', 'Penn State Lehigh Valley', 'Strayer University']",3,PA,"Coopersburg, PA"
617,Chambersburg,['Wilson College'],1,PA,"Chambersburg, PA"
618,Clarion,['Clarion University of Pennsylvania'],1,PA,"Clarion, PA"
619,Collegeville,['Ursinus College'],1,PA,"Collegeville, PA"
620,Cresson,['Mount Aloysius College'],1,PA,"Cresson, PA"
621,Dunmore,['Pennsylvania State University'],1,PA,"Dunmore, PA"
622,Easton,['Lafayette College'],1,PA,"Easton, PA"
623,East Stroudsburg,['East Stroudsburg University of Pennsylvania'],1,PA,"East Stroudsburg, PA"
624,Edinboro,['Edinboro University of Pennsylvania'],1,PA,"Edinboro, PA"
625,Erie,"['Gannon University', 'Mercyhurst College', 'Penn State Erie', 'Lake Erie College of Osteopathic Medicine']",4,PA,"Erie, PA"
626,Gettysburg,['Gettysburg College'],1,PA,"Gettysburg, PA"
627,Glenside,['Arcadia University'],1,PA,"Glenside, PA"
628,Grantham,['Messiah College'],1,PA,"Grantham, PA"
629,Greensburg,"['Seton Hill University', 'University of Pittsburgh at Greensburg', 'Lake Erie College of Osteopathic Medicine']",3,PA,"Greensburg, PA"
630,Grove City,['Grove City College'],1,PA,"Grove City, PA"
631,Harrisburg,"['Temple University', 'Widener University Harrisburg Campus', 'School of Law', 'Harrisburg University of Science and Technology', ""Messiah College's Harrisburg Institute"", 'Penn State Harrisburg Eastgate Center', 'Dixon University Center', 'Harrisburg Area Community College']",8,PA,"Harrisburg, PA"
632,Hershey,['Penn State Hershey Medical Center'],1,PA,"Hershey, PA"
633,Huntingdon,['Juniata College'],1,PA,"Huntingdon, PA"
634,Indiana,['Indiana University of Pennsylvania'],1,PA,"Indiana, PA"
635,Johnstown,"['Richland Township', 'University of Pittsburgh at Johnstown']",2,PA,"Johnstown, PA"
636,Kennett Square,"['University of Pennsylvania', 'School of Veterinary Medicine']",2,PA,"Kennett Square, PA"
637,Kutztown,['Kutztown University of Pennsylvania'],1,PA,"Kutztown, PA"
638,Lancaster,['Franklin & Marshall'],1,PA,"Lancaster, PA"
639,Lemoyne,['Duquesne University'],1,PA,"Lemoyne, PA"
640,Lewisburg,['Bucknell University'],1,PA,"Lewisburg, PA"
641,Lock Haven,['Lock Haven University of Pennsylvania'],1,PA,"Lock Haven, PA"
642,Loretto,['St. Francis University'],1,PA,"Loretto, PA"
643,Lower Merion Township,"['Bryn Mawr College', 'Haverford College', 'Harcum College', 'Rosemont College', 'St. Charles Borromeo Seminary', 'Merion', ""Saint Joseph's University""]",7,PA,"Lower Merion Township, PA"
644,Mansfield,['Mansfield University of Pennsylvania'],1,PA,"Mansfield, PA"
645,Meadville,['Allegheny College'],1,PA,"Meadville, PA"
646,Mechanicsburg,['Messiah College'],1,PA,"Mechanicsburg, PA"
647,Mont Alto,['Penn State Mont Alto'],1,PA,"Mont Alto, PA"
648,Millersville,['Millersville University of Pennsylvania'],1,PA,"Millersville, PA"
649,New Wilmington,['Westminster College'],1,PA,"New Wilmington, PA"
650,North East,['Mercyhurst North East'],1,PA,"North East, PA"
651,Reading,"['Albright College', 'Alvernia University', 'Penn State Berks']",3,PA,"Reading, PA"
652,Scranton,"['University of Scranton', 'The Commonwealth Medical College', 'Johnson College', 'Lackawanna College', 'Marywood University', 'Fortis Institute']",6,PA,"Scranton, PA"
653,Selinsgrove,['Susquehanna University'],1,PA,"Selinsgrove, PA"
654,Shippensburg Township,['Shippensburg University of Pennsylvania'],1,PA,"Shippensburg Township, PA"
655,Slippery Rock,['Slippery Rock University of Pennsylvania'],1,PA,"Slippery Rock, PA"
656,State College,"['Downtown State College', 'Pennsylvania State University']",2,PA,"State College, PA"
657,Summerdale,['Central Penn College'],1,PA,"Summerdale, PA"
658,Swarthmore,['Swarthmore College'],1,PA,"Swarthmore, PA"
659,Upper Dublin Township,"['Temple University', 'DeVry University', 'Gwynedd Mercy College']",3,PA,"Upper Dublin Township, PA"
660,Villanova,['Villanova University'],1,PA,"Villanova, PA"
661,Waynesburg,['Waynesburg University'],1,PA,"Waynesburg, PA"
662,West Chester,['West Chester University of Pennsylvania'],1,PA,"West Chester, PA"
663,Wilkes-Barre,"[""King's College"", 'Wilkes University']",2,PA,"Wilkes-Barre, PA"
664,Williamsport,"['Lycoming College', 'Pennsylvania College of Technology']",2,PA,"Williamsport, PA"
665,Bristol,['Roger Williams University'],1,RI,"Bristol, RI"
666,Kingston,['University of Rhode Island'],1,RI,"Kingston, RI"
667,Newport,['Salve Regina University'],1,RI,"Newport, RI"
668,Providence,"['College Hill', 'Brown University', 'Rhode Island School of Design', 'Downtown', 'University of Rhode Island', 'Roger Williams University', 'Elmhurst', 'Providence College', 'Jewelry District', 'Brown University', 'Alpert Medical School', 'Johnson and Wales University', 'Lower South Providence', 'Community College of Rhode Island', 'Manton', 'Rhode Island College']",16,RI,"Providence, RI"
669,Smithfield,['Bryant University'],1,RI,"Smithfield, RI"
670,Warwick,['Community College of Rhode Island'],1,RI,"Warwick, RI"
671,Beaufort,['University of South Carolina Beaufort'],1,SC,"Beaufort, SC"
672,Central,['Southern Wesleyan University'],1,SC,"Central, SC"
673,Charleston,"['College of Charleston', 'The Citadel', 'MUSC', 'Charleston School of Law']",4,SC,"Charleston, SC"
674,Clemson,['Clemson University'],1,SC,"Clemson, SC"
675,Clinton,['Presbyterian College'],1,SC,"Clinton, SC"
676,Columbia,['University of South Carolina'],1,SC,"Columbia, SC"
677,Due West,['Erskine College'],1,SC,"Due West, SC"
678,Florence,['Francis Marion University'],1,SC,"Florence, SC"
679,Greenwood,['Lander University'],1,SC,"Greenwood, SC"
680,North Charleston,"['Charleston Southern University', 'Trident Technical College']",2,SC,"North Charleston, SC"
681,Orangeburg,"['South Carolina State University', 'Claflin University']",2,SC,"Orangeburg, SC"
682,Rock Hill,['Winthrop University'],1,SC,"Rock Hill, SC"
683,Spartanburg,"['Wofford College', 'Converse College', 'University of South Carolina Upstate', 'Spartanburg Methodist College', 'Edward Via College of Osteopathic Medicine', 'Spartanburg Community College', 'Virginia College', 'Sherman College of Chiropractic']",8,SC,"Spartanburg, SC"
684,Aberdeen,[],0,SD,"Aberdeen, SD"
685,Brookings,['South Dakota State University'],1,SD,"Brookings, SD"
686,Madison,['Dakota State University'],1,SD,"Madison, SD"
687,Mitchell,[],0,SD,"Mitchell, SD"
688,Rapid City,[],0,SD,"Rapid City, SD"
689,Sioux Falls,"['University of Sioux Falls', 'Augustana University', 'Sioux Falls Seminary', 'National American University', 'South Dakota School for the Deaf', 'Globe University/Minnesota School of Business', 'South Dakota Public Universities and Research Center', 'USDSU']",8,SD,"Sioux Falls, SD"
690,Spearfish,['Black Hills State University'],1,SD,"Spearfish, SD"
691,Vermillion,['University of South Dakota'],1,SD,"Vermillion, SD"
692,Chattanooga,['University of Tennessee at Chattanooga'],1,TN,"Chattanooga, TN"
693,Clarksville,"['Austin Peay State University', 'Miller-Motte Technical College', 'Nashville State Community College', 'Daymar Institute', 'North Tennessee Bible Institute']",5,TN,"Clarksville, TN"
694,Collegedale,['Southern Adventist University'],1,TN,"Collegedale, TN"
695,Cookeville,['Tennessee Technological University'],1,TN,"Cookeville, TN"
696,Harrogate,['Lincoln Memorial University'],1,TN,"Harrogate, TN"
697,Henderson,['Freed-Hardeman University'],1,TN,"Henderson, TN"
698,Johnson City,['East Tennessee State University'],1,TN,"Johnson City, TN"
699,Knoxville,"['University of Tennessee', 'Duncan School of Law (Lincoln Memorial Univ.)']",2,TN,"Knoxville, TN"
700,Lebanon,['Cumberland University'],1,TN,"Lebanon, TN"
701,Martin,['University of Tennessee at Martin'],1,TN,"Martin, TN"
702,Memphis,"['Baptist College of Health Sciences', 'Christian Brothers University', 'LeMoyne-Owen College', 'Memphis College of Art', 'Rhodes College', 'Southern College of Optometry', 'Southwest Tennessee Community College', 'Union University', 'University of Memphis', 'University of Tennessee Health Science Center']",10,TN,"Memphis, TN"
703,Mc Kenzie,['Bethel University'],1,TN,"Mc Kenzie, TN"
704,Murfreesboro,['Middle Tennessee State University'],1,TN,"Murfreesboro, TN"
705,Nashville,"['Vanderbilt University', 'Belmont University', 'Tennessee State University', 'Lipscomb University', 'Fisk University', 'Aquinas College', 'Trevecca Nazarene University', 'Meharry Medical College', 'Nashville School of Law']",9,TN,"Nashville, TN"
706,Sewanee,['Sewanee: the University of the South'],1,TN,"Sewanee, TN"
707,Abilene,"['Abilene Christian University', 'Hardin-Simmons University', 'McMurry University']",3,TX,"Abilene, TX"
708,Alpine,['Sul Ross State University'],1,TX,"Alpine, TX"
709,Amarillo,"['Wayland Baptist University', 'Texas Tech University Health Sciences Center', 'at Amarillo', 'Texas Tech University at Amarillo', 'West Texas A&M University']",5,TX,"Amarillo, TX"
710,Arlington,['University of Texas at Arlington'],1,TX,"Arlington, TX"
711,Beaumont,['Lamar University'],1,TX,"Beaumont, TX"
712,Belton,['University of Mary Hardin-Baylor'],1,TX,"Belton, TX"
713,Big Spring,['Howard College'],1,TX,"Big Spring, TX"
714,Brownsville,['The University of Texas Rio Grande Valley'],1,TX,"Brownsville, TX"
715,Bryan,"['Blinn College', 'Texas A&M Health Science Center']",2,TX,"Bryan, TX"
716,Canyon,['West Texas A&M University'],1,TX,"Canyon, TX"
717,Carrollton,[],0,TX,"Carrollton, TX"
718,College Station,['Texas A&M University'],1,TX,"College Station, TX"
719,Commerce,['Texas A&M University–Commerce'],1,TX,"Commerce, TX"
720,Corpus Christi,"['Texas A&M University-Corpus Christi', 'Del Mar College', 'Saint Leo University-Corpus Christi']",3,TX,"Corpus Christi, TX"
721,Denton,"['University of North Texas', ""Texas Woman's University"", 'Texas A&M University Baylor College of Dentistry']",3,TX,"Denton, TX"
722,Edinburg,['University of Texas Rio Grande Valley'],1,TX,"Edinburg, TX"
723,El Paso,['University of Texas at El Paso'],1,TX,"El Paso, TX"
724,Fort Worth,"['Texas Christian University', 'Texas Wesleyan University', 'Texas A&M School of Law']",3,TX,"Fort Worth, TX"
725,Galveston,['Texas A&M University at Galveston'],1,TX,"Galveston, TX"
726,Georgetown,['Southwestern University'],1,TX,"Georgetown, TX"
727,Garland,['Amberton University'],1,TX,"Garland, TX"
728,Grand Prairie,[],0,TX,"Grand Prairie, TX"
729,Huntsville,['Sam Houston State University'],1,TX,"Huntsville, TX"
730,Irving,"['University of Dallas', 'North Lake College']",2,TX,"Irving, TX"
731,Keene,['Southwestern Adventist University'],1,TX,"Keene, TX"
732,Killeen,"['Central Texas College', 'Texas A&M University-Central Texas']",2,TX,"Killeen, TX"
733,Kingsville,['Texas A&M University–Kingsville'],1,TX,"Kingsville, TX"
734,Laredo,"['Texas A&M International University', 'University of Texas Health Science Center at San Antonio']",2,TX,"Laredo, TX"
735,Lubbock,"['Texas Tech University', 'Lubbock Christian University']",2,TX,"Lubbock, TX"
736,McAllen,['University of Texas Rio Grande Valley'],1,TX,"McAllen, TX"
737,McKinney,[],0,TX,"McKinney, TX"
738,Mesquite,"['Texas A&M University–Commerce', 'Columbia College-Mesquite Campus']",2,TX,"Mesquite, TX"
739,Nacogdoches,['Stephen F. Austin State University'],1,TX,"Nacogdoches, TX"
740,Odessa,['The University of Texas of the Permian Basin'],1,TX,"Odessa, TX"
741,Pasadena,['University of Houston–Clear Lake'],1,TX,"Pasadena, TX"
742,Pearland,['University of Houston–Clear Lake'],1,TX,"Pearland, TX"
743,Plainview,['Wayland Baptist University'],1,TX,"Plainview, TX"
744,Plano,"['Southern Methodist University', 'Dallas Baptist University']",2,TX,"Plano, TX"
745,Prairie View,['Prairie View A&M University'],1,TX,"Prairie View, TX"
746,Richardson,['University of Texas at Dallas'],1,TX,"Richardson, TX"
747,San Angelo,['Angelo State University'],1,TX,"San Angelo, TX"
748,San Marcos,['Texas State University'],1,TX,"San Marcos, TX"
749,Stephenville,['Tarleton State University'],1,TX,"Stephenville, TX"
750,Texarkana,['Texas A&M University–Texarkana'],1,TX,"Texarkana, TX"
751,Tyler,['The University of Texas at Tyler'],1,TX,"Tyler, TX"
752,University Park,['Southern Methodist University'],1,TX,"University Park, TX"
753,Waco,['Baylor University'],1,TX,"Waco, TX"
754,Wichita Falls,['Midwestern State University'],1,TX,"Wichita Falls, TX"
755,Cedar City,['Southern Utah University'],1,UT,"Cedar City, UT"
756,Ephraim,['Snow College'],1,UT,"Ephraim, UT"
757,Logan,['Utah State University'],1,UT,"Logan, UT"
758,Orem,['Utah Valley University'],1,UT,"Orem, UT"
759,Provo,['Brigham Young University'],1,UT,"Provo, UT"
760,South Jordan,['Roseman University of Health Sciences'],1,UT,"South Jordan, UT"
761,Saint George,[],0,UT,"Saint George, UT"
762,Bennington,['Bennington College'],1,VT,"Bennington, VT"
763,Burlington,"['University of Vermont', 'Champlain College']",2,VT,"Burlington, VT"
764,Castleton,['Castleton University'],1,VT,"Castleton, VT"
765,Colchester,"[""Saint Michael's College""]",1,VT,"Colchester, VT"
766,Craftsbury,['Sterling College'],1,VT,"Craftsbury, VT"
767,Johnson,['Northern Vermont University–Johnson'],1,VT,"Johnson, VT"
768,Lyndonville,['Northern Vermont University–Lyndon'],1,VT,"Lyndonville, VT"
769,Middlebury,['Middlebury College'],1,VT,"Middlebury, VT"
770,Northfield,['Norwich University'],1,VT,"Northfield, VT"
771,Alexandria,"['Virginia Commonwealth University', 'The George Washington University']",2,VA,"Alexandria, VA"
772,Arlington,"['Marymount University', 'George Mason University']",2,VA,"Arlington, VA"
773,Blacksburg,['Virginia Tech'],1,VA,"Blacksburg, VA"
774,Bridgewater,['Bridgewater College'],1,VA,"Bridgewater, VA"
775,Charlottesville,['University of Virginia'],1,VA,"Charlottesville, VA"
776,Chesapeake,"['Averett University', 'DeVry University', 'Troy University', 'Tidewater Community College', 'Strayer University', 'Everest University', 'Sentera College of Health Sciences', 'St Leo University']",8,VA,"Chesapeake, VA"
777,Farmville,"['Longwood University', 'Hampden-Sydney College']",2,VA,"Farmville, VA"
778,Fredericksburg,['University of Mary Washington'],1,VA,"Fredericksburg, VA"
779,Hampton,"['Hampton University', 'Bryant and Stratton College']",2,VA,"Hampton, VA"
780,Harrisonburg,"['James Madison University', 'Eastern Mennonite University']",2,VA,"Harrisonburg, VA"
781,Lexington,"['Washington and Lee University', 'Virginia Military Institute']",2,VA,"Lexington, VA"
782,Lynchburg,"['Lynchburg College', 'Randolph College', 'Liberty University', 'Central Virginia Community College']",4,VA,"Lynchburg, VA"
783,Newport News,['Christopher Newport University'],1,VA,"Newport News, VA"
784,Norfolk,"['Old Dominion University', 'Norfolk State University']",2,VA,"Norfolk, VA"
785,Portsmouth,['Old Dominion University'],1,VA,"Portsmouth, VA"
786,Radford,['Radford University'],1,VA,"Radford, VA"
787,Richmond,"['University of Richmond', 'Virginia Commonwealth University']",2,VA,"Richmond, VA"
788,Staunton,['Mary Baldwin University'],1,VA,"Staunton, VA"
789,Virginia Beach,"['Regent University', 'Atlantic University', 'Virginia Wesleyan College', 'University of Virginia', 'Virginia Tech', 'ECPI University']",6,VA,"Virginia Beach, VA"
790,Williamsburg,['College of William & Mary'],1,VA,"Williamsburg, VA"
791,Wise,"[""University of Virginia's College at Wise""]",1,VA,"Wise, VA"
792,Bellevue,"['Bellevue College', 'City University of Seattle']",2,WA,"Bellevue, WA"
793,Bellingham,['Western Washington University'],1,WA,"Bellingham, WA"
794,Cheney,['Eastern Washington University'],1,WA,"Cheney, WA"
795,Ellensburg,['Central Washington University'],1,WA,"Ellensburg, WA"
796,Lakewood,"['Clover Park Technical College', 'Pierce College']",2,WA,"Lakewood, WA"
797,Parkland,['Pacific Lutheran University'],1,WA,"Parkland, WA"
798,Pullman,['Washington State University'],1,WA,"Pullman, WA"
799,Richland,['Washington State University Tri-Cities'],1,WA,"Richland, WA"
800,Seattle,"['University of Washington', 'Seattle University', 'Seattle Pacific University']",3,WA,"Seattle, WA"
801,Spokane,"['Gonzaga University', 'Whitworth University', 'EWU Spokane at the Riverpoint Campus', 'WSU Spokane']",4,WA,"Spokane, WA"
802,Tacoma,"['University of Puget Sound', 'Tacoma Community College', 'City University of Seattle-Tacoma', 'Bates Technical College', 'The Evergreen State College', 'University of Washington Tacoma']",6,WA,"Tacoma, WA"
803,Vancouver,['Washington State University Vancouver'],1,WA,"Vancouver, WA"
804,Athens,['Concord University'],1,WV,"Athens, WV"
805,Beckley,['West Virginia University Institute of Technology'],1,WV,"Beckley, WV"
806,Buckhannon,['West Virginia Wesleyan College'],1,WV,"Buckhannon, WV"
807,Elkins,['Davis & Elkins College'],1,WV,"Elkins, WV"
808,Fairmont,['Fairmont State University'],1,WV,"Fairmont, WV"
809,Glenville,['Glenville State College'],1,WV,"Glenville, WV"
810,Dunbar,['West Virginia State University'],1,WV,"Dunbar, WV"
811,Lewisburg,['West Virginia School of Osteopathic Medicine'],1,WV,"Lewisburg, WV"
812,Morgantown,['West Virginia University'],1,WV,"Morgantown, WV"
813,Shepherdstown,['Shepherd University'],1,WV,"Shepherdstown, WV"
814,West Liberty,['West Liberty University'],1,WV,"West Liberty, WV"
815,Appleton,['Lawrence University'],1,WI,"Appleton, WI"
816,Eau Claire,['University of Wisconsin–Eau Claire'],1,WI,"Eau Claire, WI"
817,Green Bay,['University of Wisconsin-Green Bay'],1,WI,"Green Bay, WI"
818,Kenosha,"['University of Wisconsin-Parkside', 'Carthage College', 'Gateway Technical College', 'National-Louis University', 'Herzing University']",5,WI,"Kenosha, WI"
819,La Crosse,"['University of Wisconsin–La Crosse', 'Western Technical College', 'Viterbo University']",3,WI,"La Crosse, WI"
820,Madison,['University of Wisconsin–Madison'],1,WI,"Madison, WI"
821,Menomonie,['University of Wisconsin–Stout'],1,WI,"Menomonie, WI"
822,Milwaukee,[],0,WI,"Milwaukee, WI"
823,Oshkosh,['University of Wisconsin–Oshkosh'],1,WI,"Oshkosh, WI"
824,Platteville,['University of Wisconsin–Platteville'],1,WI,"Platteville, WI"
825,River Falls,['University of Wisconsin–River Falls'],1,WI,"River Falls, WI"
826,Stevens Point,['University of Wisconsin–Stevens Point'],1,WI,"Stevens Point, WI"
827,Waukesha,['Carroll University'],1,WI,"Waukesha, WI"
828,Whitewater,['University of Wisconsin–Whitewater'],1,WI,"Whitewater, WI"
829,Laramie,['University of Wyoming'],1,WY,"Laramie, WY"
830,Dudley,['Nichols College'],1,MA,"Dudley, MA"
831,North Grafton,['Cummings School of Veterinary Medicine at Tufts University'],1,MA,"North Grafton, MA"
832,Paxton,['Anna Maria College'],1,MA,"Paxton, MA"
833,Worcester,"['Assumption', 'Becker, Clark University', 'Holy Cross', 'Mass. College of Pharmacy & Health Sciences', 'Quinsigamond Community College', 'UMass Medical School', 'Worcester State University', 'Worcester Polytechnic Institute']",9,MA,"Worcester, MA"
834,Amherst,"['Amherst College', 'Hampshire College', 'University of Massachusetts Amherst']",3,MA,"Amherst, MA"
835,Northampton,['Smith College'],1,MA,"Northampton, MA"
836,South Hadley,['Mount Holyoke College'],1,MA,"South Hadley, MA"
